USE `picture_database`;

INSERT INTO `collections` (`collection_id`, `collection_name`, `collection_description`, `created_date_time`, `is_published`, `published_date_time`) VALUES
(1, 'Drone Aerials', 'All aerial photos and videos shot with the DJI Air 3S.', '2025-11-28 12:00:00', 1, '2025-11-28 13:00:00'),
(2, 'Wildlife & Critters', 'Birds, insects, deer, bear, and other wildlife around the lakes and marshes.', '2025-11-28 12:00:00', 1, '2025-11-28 13:00:00'),
(3, 'Lighthouses & Lake Michigan', 'Frankfort Light, Point Betsie, Grand Traverse, and other lighthouse scenes on Lake Michigan.', '2025-11-28 12:00:00', 1, '2025-11-28 13:00:00'),
(4, 'Winter & Ice', 'Snowy shorelines, pancake ice, and winter scenes on the lakes.', '2025-11-28 12:00:00', 1, '2025-11-28 13:00:00'),
(5, 'Flowers & Gardens', 'Lavender fields, garden flowers, and detailed closeups.', '2025-11-28 12:00:00', 1, '2025-11-28 13:00:00'),
(6, 'Lakes, Rivers & Shoreline', 'Lakes, rivers, bays, marshes, and shoreline scenes around Michigan.', '2025-11-28 12:00:00', 1, '2025-11-28 13:00:00');

INSERT INTO `media` (`media_id`, `media_type`, `title`, `description`, `file_path_display`, `is_drone`, `upload_date_time`) VALUES
(1, 'VIDEO', 'Bear at the Birdfeeder-2025-06-19-21-46-19', 'Video of Bear at the Birdfeeder-2025-06-19-21-46-19.', 'C:\\Program Files\\Ampps\\Media Display\\Bear at the Birdfeeder-2025-06-19-21-46-19-photos_db_sized_video-1.mp4', 0, '2025-11-28 17:27:29'),
(2, 'PHOTO', 'Bird''s Eye View of Bohemian Lavender Farm', 'Bird''s Eye picture of Bohemian Lavender Farm.', 'C:\\Program Files\\Ampps\\Media Display\\Bird''s Eye View of Bohemian Lavender Farm_DJI_20250713134902_0441_D-HDR-2_photos_db_sized_photo_13.png', 1, '2025-11-28 12:00:00'),
(3, 'PHOTO', 'Bird''s Eye View of Manistee', 'Bird''s Eye picture of Manistee.', 'C:\\Program Files\\Ampps\\Media Display\\Bird''s Eye View of Manistee_DJI_20250628172944_0726_D-HDR_photos_db_sized_photo_11.png', 1, '2025-11-28 12:00:00'),
(4, 'PHOTO', 'Bird''s Eye View of the Neighborhood', 'Bird''s Eye picture of the neighborhood.', 'C:\\Program Files\\Ampps\\Media Display\\Bird''s Eye View of the Neighborhood_DJI_20250622150721_0379_D-HDR_photos_db_sized_photo_10.png', 1, '2025-11-28 12:00:00'),
(5, 'PHOTO', 'Blood Moon Closeup', 'Closeup of the Blood Moon that occurred on March 14th, 2025.', 'C:\\Program Files\\Ampps\\Media Display\\Blood Moon Closeup_P3140252-Enhanced-SR_photos_db_sized_photo_1.png', 0, '2025-03-14 02:02:31'),
(6, 'PHOTO', 'Blood Moon', 'Picture of the blood moon on September 8th, 2025.', 'C:\\Program Files\\Ampps\\Media Display\\Blood Moon_DJI_20250908205852_0722_D_photos_db_sized_photo_33.png', 1, '2025-11-28 12:00:00'),
(7, 'VIDEO', 'Brendan Playing with Tater at the Sandbar', 'Video of Brendan playing with Tater at the sandbar.', 'C:\\Program Files\\Ampps\\Media Display\\Brendan Playing with Tater at the Sandbar-DJI_20250807180534_0565_D-photos_db_sized_video-10.mp4', 1, '2025-11-28 18:15:20'),
(8, 'VIDEO', 'Bricks Classic Car Show Flyover', 'Video of the Bricks Classic Car Show flyover.', 'C:\\Program Files\\Ampps\\Media Display\\Bricks Classic Car Show Flyover-DJI_20250607161031_0356_D-photos_db_sized_video-6.mp4', 1, '2025-11-28 17:35:09'),
(9, 'PHOTO', 'Bumble Bee Sampling Lavender', 'Picture of a bumble bee on lavender flowers.', 'C:\\Program Files\\Ampps\\Media Display\\Bumble Bee Sampling Lavender_P7132118_photos_db_sized_photo_12.png', 0, '2025-11-28 12:00:00'),
(10, 'PHOTO', 'Classic Ford Mustang', 'Picture of Bill Short''s classic Ford Mustang.', 'C:\\Program Files\\Ampps\\Media Display\\Classic Ford Mustang_P9130783_photos_db_sized_photo_34.png', 0, '2025-11-28 12:00:00'),
(11, 'PHOTO', 'Closeup Cardinal In Winter', 'Closeup of a male cardinal at the bird feeder in winter.', 'C:\\Program Files\\Ampps\\Media Display\\Closeup Cardinal In Winter_P3160548_photos_db_sized_photo_2.png', 0, '2025-03-16 11:47:54'),
(12, 'PHOTO', 'Closeup of Herron at Arcadia Marsh 2', 'Another closeup image of a heron at Arcadia Marsh.', 'C:\\Program Files\\Ampps\\Media Display\\Closeup of Herron at Arcadia Marsh 2_P8300146_photos_db_sized_photo_25.png', 0, '2025-11-28 12:00:00'),
(13, 'PHOTO', 'Closeup of Herron at Arcadia Marsh', 'Closeup image of a heron at Arcadia Marsh.', 'C:\\Program Files\\Ampps\\Media Display\\Closeup of Herron at Arcadia Marsh_P8300141_photos_db_sized_photo_24.png', 0, '2025-11-28 12:00:00'),
(14, 'PHOTO', 'Coleus Flowers', 'Picture of Coleus flowers.', 'C:\\Program Files\\Ampps\\Media Display\\Coleus Flowers_P6221910_photos_db_sized_photo_5.png', 0, '2025-11-28 12:00:00'),
(15, 'VIDEO', 'Drone Flyover of Buggy Ride June 15th, 2025', 'Video of a drone flyover of a buggy ride on June 15th, 2025.', 'C:\\Program Files\\Ampps\\Media Display\\Drone Flyover of Buggy Ride June 15th, 2025-DJI_20250615113152_0079_D-photos_db_sized_video-8.mp4', 1, '2025-11-28 17:51:55'),
(16, 'PHOTO', 'Duck Couple in Winter', 'Duck mates in wintertime.', 'C:\\Program Files\\Ampps\\Media Display\\Duck Couple in Winter_P3240589_photos_db_sized_photo_3.png', 0, '2025-11-28 12:00:00'),
(17, 'PHOTO', 'Family of Herrons at Arcadia Marsh', 'Picture of a family of herons at Arcadia Marsh.', 'C:\\Program Files\\Ampps\\Media Display\\Family of Herrons at Arcadia Marsh_P7202282_photos_db_sized_photo_17.png', 0, '2025-11-28 12:00:00'),
(18, 'PHOTO', 'Family of Swans on the Lake', 'Picture of a family of swans on the lake.', 'C:\\Program Files\\Ampps\\Media Display\\Family of Swans on the Lake_P8102727_photos_db_sized_photo_22.png', 0, '2025-11-28 12:00:00'),
(19, 'PHOTO', 'Foggy Morning on the Lake', 'Picture of a foggy morning on the lake.', 'C:\\Program Files\\Ampps\\Media Display\\Foggy Morning on the Lake_DJI_20250927081415_0091_D-HDR_photos_db_sized_photo_35.png', 1, '2025-11-28 12:00:00'),
(20, 'VIDEO', 'Frankfort Light in Winter-DJI 0317', 'Video of Frankfort Light in winter.', 'C:\\Program Files\\Ampps\\Media Display\\Frankfort Light in Winter-DJI_0317-photos_db_sized_video-4.mp4', 1, '2025-11-28 17:29:14'),
(21, 'VIDEO', 'Frankfort Lighthouse at Sunset', 'Video of the Frankfort lighthouse at sunset.', 'C:\\Program Files\\Ampps\\Media Display\\Frankfort Lighthouse at Sunset-DJI_20250907202054_0562_D-photos_db_sized_video-14.mp4', 1, '2025-11-28 18:32:39'),
(22, 'PHOTO', 'Grand Traverse Lighthouse Foghorn Shelter', 'Picture of the Grand Traverse Lighthouse foghorn shelter.', 'C:\\Program Files\\Ampps\\Media Display\\Grand Traverse Lighthouse Foghorn Shelter_P9020255_photos_db_sized_photo_31.png', 0, '2025-11-28 12:00:00'),
(23, 'PHOTO', 'Grand Traverse Lighthouse', 'Picture of the Grand Traverse Lighthouse.', 'C:\\Program Files\\Ampps\\Media Display\\Grand Traverse Lighthouse_P9020265_photos_db_sized_photo_30.png', 0, '2025-11-28 12:00:00'),
(24, 'PHOTO', 'Hummingbird at the Feeder', 'Picture of a hummingbird at the feeder.', 'C:\\Program Files\\Ampps\\Media Display\\Hummingbird at the Feeder_P8082625_photos_db_sized_photo_21.png', 0, '2025-11-28 12:00:00'),
(25, 'PHOTO', 'Hummingbird Moth on Butterfly Bush Flowers', 'Picture of a hummingbird moth on butterfly bush flowers.', 'C:\\Program Files\\Ampps\\Media Display\\Hummingbird Moth on Butterfly Bush Flowers_P7292475_photos_db_sized_photo_20.png', 0, '2025-11-28 12:00:00'),
(26, 'PHOTO', 'Lilly Flowers', 'Picture of lily flowers.', 'C:\\Program Files\\Ampps\\Media Display\\Lilly Flowers_P6221902_photos_db_sized_photo_7.png', 0, '2025-11-28 12:00:00'),
(27, 'PHOTO', 'Livesaving Station in Frankfort', 'Picture of the lifesaving station in Frankfort.', 'C:\\Program Files\\Ampps\\Media Display\\Livesaving Station in Frankfort_DJI_20250830202221_0049_D-HDR_photos_db_sized_photo_27.png', 1, '2025-11-28 12:00:00'),
(28, 'PHOTO', 'Monarch Butterfly on Butterfly Milkweed', 'Picture of a monarch butterfly perched on butterfly milkweed.', 'C:\\Program Files\\Ampps\\Media Display\\Monarch Butterfly on Butterfly Milkweed_P8300133_photos_db_sized_photo_26.png', 0, '2025-11-28 12:00:00'),
(29, 'VIDEO', 'More Drone Buggy Flyover June 15th, 2025', 'Video of a second drone flyover of the buggy ride on June 15th, 2025.', 'C:\\Program Files\\Ampps\\Media Display\\More Drone Buggy Flyover June 15th, 2025-DJI_20250615113533_0080_D-photos_db_sized_video-9.mp4', 1, '2025-11-28 18:09:31'),
(30, 'PHOTO', 'Moth on Butterfly Milkweed', 'Picture of a moth on butterfly milkweed.', 'C:\\Program Files\\Ampps\\Media Display\\Moth on Butterfly Milkweed_P7202231_photos_db_sized_photo_16.png', 0, '2025-11-28 12:00:00'),
(31, 'VIDEO', 'Pancake Ice at the Mouth of the Betsie', 'Video of pancake ice at the mouth of the Betsie River.', 'C:\\Program Files\\Ampps\\Media Display\\Pancake Ice at the Mouth of the Betsie-DJI_20250221140336_0110_D-photos_db_sized_video-2.mp4', 1, '2025-11-28 17:28:41'),
(32, 'PHOTO', 'Picture of Rocks on Lake Bed on a Calm Day', 'Picture of rocks on the lakebed on a calm day.', 'C:\\Program Files\\Ampps\\Media Display\\Picture of Rocks on Lake Bed on a Calm Day_P9010226_photos_db_sized_photo_29.png', 0, '2025-11-28 12:00:00'),
(33, 'VIDEO', 'Point Betsie Lighthouse in Winter-DJI 0356', 'Video of Point Betsie Lighthouse in winter.', 'C:\\Program Files\\Ampps\\Media Display\\Point Betsie Lighthouse in Winter-DJI_0356-photos_db_sized_video-5.mp4', 1, '2025-11-28 17:33:19'),
(34, 'VIDEO', 'Point Betsie on a Wavy Day', 'Video of Point Betsie on a wavy day.', 'C:\\Program Files\\Ampps\\Media Display\\Point Betsie on a Wavy Day-DJI_20250905092401_0387_D-photos_db_sized_video-11.mp4', 1, '2025-11-28 18:19:16'),
(35, 'PHOTO', 'Point Betsie Sunny Day', 'Picture of Point Betsie on a sunny day.', 'C:\\Program Files\\Ampps\\Media Display\\Point Betsie Sunny Day_DJI_20250905150029_0444_D-HDR_photos_db_sized_photo_32.png', 1, '2025-11-28 12:00:00'),
(36, 'VIDEO', 'Point Betsie Wavy Day', 'Video of Point Betsie during a wavy day.', 'C:\\Program Files\\Ampps\\Media Display\\Point Betsie Wavy Day-DJI_20250905145209_0417_D-photos_db_sized_video-13.mp4', 1, '2025-11-28 18:27:54'),
(37, 'PHOTO', 'Pontoon Boat Ride July 27th, 2025', 'Picture from a pontoon boat ride on July 27th, 2025.', 'C:\\Program Files\\Ampps\\Media Display\\Pontoon Boat Ride July 27th, 2025_DJI_20250727114503_0239_D-2_photos_db_sized_photo_19.png', 1, '2025-11-28 12:00:00'),
(38, 'VIDEO', 'Pontoon Boat Ride June 14th, 2025', 'Video of a pontoon boat ride on June 14th, 2025.', 'C:\\Program Files\\Ampps\\Media Display\\Pontoon Boat Ride June 14th, 2025-DJI_20250614154400_0074_D-photos_db_sized_video-7.mp4', 1, '2025-11-28 17:36:55'),
(39, 'PHOTO', 'Roses in Bloom 2', 'Additional picture of roses in bloom.', 'C:\\Program Files\\Ampps\\Media Display\\Roses in Bloom 2_P6221899_photos_db_sized_photo_9.png', 0, '2025-11-28 12:00:00'),
(40, 'PHOTO', 'Roses In Bloom', 'Picture of roses in bloom.', 'C:\\Program Files\\Ampps\\Media Display\\Roses In Bloom_P6221900_photos_db_sized_photo_8.png', 0, '2025-11-28 12:00:00'),
(41, 'PHOTO', 'Sailboat in the July 20th, 2025 Sailing Race', 'Picture of a sailboat in the July 20th, 2025 sailing race.', 'C:\\Program Files\\Ampps\\Media Display\\Sailboat in the July 20th, 2025 Sailing Race_DJI_20250720192045_0752_D-HDR_photos_db_sized_photo_18.png', 1, '2025-11-28 12:00:00'),
(42, 'PHOTO', 'Sandhill Crane at Arcadia Marsh', 'Picture of a sandhill crane at Arcadia Marsh.', 'C:\\Program Files\\Ampps\\Media Display\\Sandhill Crane at Arcadia Marsh_P7202247_photos_db_sized_photo_14.png', 0, '2025-11-28 12:00:00'),
(43, 'PHOTO', 'Turtle on a Log', 'Picture of turtles on a log at Arcadia Marsh.', 'C:\\Program Files\\Ampps\\Media Display\\Turtle on a Log_P7202239_photos_db_sized_photo_15.png', 0, '2025-11-28 12:00:00'),
(44, 'PHOTO', 'Two Young Bucks at the Birdfeeder', 'Picture of two young bucks at the birdfeeder.', 'C:\\Program Files\\Ampps\\Media Display\\Two Young Bucks at the Birdfeeder_P8162784-3_photos_db_sized_photo_23.png', 0, '2025-11-28 12:00:00'),
(45, 'VIDEO', 'Wavy Morning on the Elberta Side', 'Video of wavy morning conditions on the Elberta side.', 'C:\\Program Files\\Ampps\\Media Display\\Wavy Morning on the Elberta Side-DJI_20250905141742_0400_D-photos_db_sized_video-12.mp4', 1, '2025-11-28 18:25:22'),
(46, 'PHOTO', 'Wedding at Frankfort Life Saving Station', 'Picture of a wedding hosted at the Frankfort Life Saving Station.', 'C:\\Program Files\\Ampps\\Media Display\\Wedding at Frankfort Life Saving Station_DJI_20250830205348_0108_D-2_photos_db_sized_photo_28.png', 1, '2025-11-28 12:00:00'),
(47, 'VIDEO', 'Winter Sunset Timelapse in Manistee', 'Video of a winter sunset timelapse in Manistee.', 'C:\\Program Files\\Ampps\\Media Display\\Winter Sunset Timelapse in Manistee-dji_fly_20250307_183132_0052_1741396467214_hyperlapse-photos_db_sized_video-3.mp4', 1, '2025-11-28 17:29:10'),
(48, 'PHOTO', 'Yarrow Flowers', 'Picture of yarrow flowers.', 'C:\\Program Files\\Ampps\\Media Display\\Yarrow Flowers_P6221908_photos_db_sized_photo_6.png', 0, '2025-11-28 12:00:00'),
(49, 'PHOTO', 'Untitled DJI Photo in Frankfort', 'Photo of a DJI aerial scene in Frankfort.', 'C:\\Program Files\\Ampps\\Media Display\\_DJI_20250619213832_0258_D_photos_db_sized_photo_4.png', 1, '2025-06-19 21:38:32');

INSERT INTO `tags` (`tag_id`, `tag_name`) VALUES
(3, 'Aerial'),
(27, 'Arcadia'),
(23, 'Astro'),
(9, 'Bear'),
(28, 'Betsie'),
(6, 'Bird'),
(37, 'Boat'),
(38, 'Buggy'),
(39, 'Car'),
(8, 'Deer'),
(10, 'Dog'),
(2, 'Drone'),
(31, 'Elberta'),
(40, 'Event'),
(11, 'Flowers'),
(18, 'Fog'),
(25, 'Frankfort'),
(20, 'Ice'),
(5, 'Insect'),
(35, 'Lake Michigan'),
(13, 'Lavender'),
(36, 'Lighthouse'),
(26, 'Manistee'),
(29, 'Maple City'),
(15, 'Marsh'),
(33, 'Michigan'),
(32, 'Midland'),
(21, 'Moon'),
(1, 'Nature'),
(22, 'Night'),
(12, 'Plants'),
(7, 'Reptile'),
(16, 'Sandbar'),
(30, 'St Joseph'),
(17, 'Sunset'),
(24, 'Timelapse'),
(34, 'United States'),
(14, 'Water'),
(4, 'Wildlife'),
(19, 'Winter');

INSERT INTO `photos` (`photo_id`, `file_path_full_resolution_logoless`, `capture_date_time`, `location_text`, `latitude`, `longitude`, `camera_make_model`, `lens`, `filters`, `iso`, `shutter_speed`, `aperture`, `focal_length`, `aspect_ratio`) VALUES
(2, 'C:\\Program Files\\Ampps\\Photos Full Resolution Logoless\\Bird''s Eye View of Bohemian Lavender Farm-DJI_20250713134902_0441_D-HDR-2-photos_db_photo-13.png', '2025-07-13 13:49:02', 'Bird''s Eye View of Bohemian Lavender Farm', NULL, NULL, 'DJI Air 3S', NULL, NULL, 140, 0.020, 1.80, 9.00, '4:3'),
(3, 'C:\\Program Files\\Ampps\\Photos Full Resolution Logoless\\Bird''s Eye View of Manistee-DJI_20250628172944_0726_D-HDR-photos_db_photo-11.png', '2025-06-28 17:29:44', 'Bird''s Eye View of Manistee', NULL, NULL, 'DJI Air 3S', NULL, NULL, 140, 0.020, 1.80, 9.00, '4:3'),
(4, 'C:\\Program Files\\Ampps\\Photos Full Resolution Logoless\\Bird''s Eye View of the Neighborhood-DJI_20250622150721_0379_D-HDR-photos_db_photo-10.png', '2025-06-22 15:07:21', 'Bird''s Eye View of the Neighborhood', NULL, NULL, 'DJI Air 3S', NULL, NULL, 140, 0.020, 1.80, 9.00, '4:3'),
(5, 'C:\\Program Files\\Ampps\\Photos Full Resolution Logoless\\Blood Moon Closeup-P3140252-Enhanced-SR-photos_db_photo-1.png', '2025-03-14 02:02:31', 'Blood Moon Closeup', NULL, NULL, 'OM Digital Solutions OM-5', NULL, NULL, 200, 4.000, 6.30, 400.00, '5:4'),
(6, 'C:\\Program Files\\Ampps\\Photos Full Resolution Logoless\\Blood Moon-DJI_20250908205852_0722_D-photos_db_photo-33.png', '2025-09-08 20:58:52', 'Blood Moon', NULL, NULL, 'DJI Air 3S', NULL, NULL, 140, 0.020, 1.80, 9.00, '4:3'),
(9, 'C:\\Program Files\\Ampps\\Photos Full Resolution Logoless\\Bumble Bee Sampling Lavender-P7132118-photos_db_photo-12.png', '2025-07-13 12:00:00', 'Bumble Bee Sampling Lavender', NULL, NULL, 'OM Digital Solutions OM-5', NULL, NULL, 200, 0.001, 6.30, 400.00, '4:3'),
(10, 'C:\\Program Files\\Ampps\\Photos Full Resolution Logoless\\Classic Ford Mustang-P9130783-photos_db_photo-34.png', '2025-09-13 12:00:00', 'Classic Ford Mustang', NULL, NULL, 'OM Digital Solutions OM-5', NULL, NULL, 200, 0.001, 6.30, 400.00, '4:3'),
(11, 'C:\\Program Files\\Ampps\\Photos Full Resolution Logoless\\Closeup Cardinal In Winter-P3160548-photos_db_photo-2.png', '2025-03-16 11:47:54', 'Closeup Cardinal In Winter', NULL, NULL, 'OM Digital Solutions OM-5', NULL, NULL, 2500, 0.001, 6.30, 400.00, '4:3'),
(12, 'C:\\Program Files\\Ampps\\Photos Full Resolution Logoless\\Closeup of Herron at Arcadia Marsh 2-P8300146-photos_db_photo-25.png', '2025-08-30 12:00:00', 'Closeup of Herron at Arcadia Marsh 2', NULL, NULL, 'OM Digital Solutions OM-5', NULL, NULL, 200, 0.001, 6.30, 400.00, '4:3'),
(13, 'C:\\Program Files\\Ampps\\Photos Full Resolution Logoless\\Closeup of Herron at Arcadia Marsh-P8300141-photos_db_photo-24.png', '2025-08-30 12:00:00', 'Closeup of Herron at Arcadia Marsh', NULL, NULL, 'OM Digital Solutions OM-5', NULL, NULL, 200, 0.001, 6.30, 400.00, '4:3'),
(14, 'C:\\Program Files\\Ampps\\Photos Full Resolution Logoless\\Coleus Flowers-P6221910-photos_db_photo-5.png', '2025-06-22 12:00:00', 'Coleus Flowers', NULL, NULL, 'OM Digital Solutions OM-5', NULL, NULL, 200, 0.001, 6.30, 400.00, '4:3'),
(16, 'C:\\Program Files\\Ampps\\Photos Full Resolution Logoless\\Duck Couple in Winter-P3240589-photos_db_photo-3.png', '2025-03-24 12:00:00', 'Duck Couple in Winter', NULL, NULL, 'OM Digital Solutions OM-5', NULL, NULL, 200, 0.001, 6.30, 400.00, '4:3'),
(17, 'C:\\Program Files\\Ampps\\Photos Full Resolution Logoless\\Family of Herrons at Arcadia Marsh-P7202282-photos_db_photo-17.png', '2025-07-20 12:00:00', 'Family of Herrons at Arcadia Marsh', NULL, NULL, 'OM Digital Solutions OM-5', NULL, NULL, 200, 0.001, 6.30, 400.00, '4:3'),
(18, 'C:\\Program Files\\Ampps\\Photos Full Resolution Logoless\\Family of Swans on the Lake-P8102727-photos_db_photo-22.png', '2025-08-10 12:00:00', 'Family of Swans on the Lake', NULL, NULL, 'OM Digital Solutions OM-5', NULL, NULL, 200, 0.001, 6.30, 400.00, '4:3'),
(19, 'C:\\Program Files\\Ampps\\Photos Full Resolution Logoless\\Foggy Morning on the Lake-DJI_20250927081415_0091_D-HDR-photos_db_photo-35.png', '2025-09-27 08:14:15', 'Foggy Morning on the Lake', NULL, NULL, 'DJI Air 3S', NULL, NULL, 140, 0.020, 1.80, 9.00, '4:3'),
(22, 'C:\\Program Files\\Ampps\\Photos Full Resolution Logoless\\Grand Traverse Lighthouse Foghorn Shelter-P9020255-photos_db_photo-31.png', '2025-09-02 12:00:00', 'Grand Traverse Lighthouse Foghorn Shelter', NULL, NULL, 'OM Digital Solutions OM-5', NULL, NULL, 200, 0.001, 6.30, 400.00, '4:3'),
(23, 'C:\\Program Files\\Ampps\\Photos Full Resolution Logoless\\Holiday Lights on Front Porch-P1021319-photos_db_photo-21.png', '2025-09-02 12:00:00', 'Holiday Lights on Front Porch', NULL, NULL, 'OM Digital Solutions OM-5', NULL, NULL, 200, 0.001, 6.30, 400.00, '4:3'),
(24, 'C:\\Program Files\\Ampps\\Photos Full Resolution Logoless\\House Mirror Picture-P1021306-photos_db_photo-20.png', '2025-08-08 12:00:00', 'House Mirror Picture', NULL, NULL, 'OM Digital Solutions OM-5', NULL, NULL, 200, 0.001, 6.30, 400.00, '4:3'),
(25, 'C:\\Program Files\\Ampps\\Photos Full Resolution Logoless\\Lighthouse Walk-P9010229-photos_db_photo-30.png', '2025-07-29 12:00:00', 'Lighthouse Walk', NULL, NULL, 'OM Digital Solutions OM-5', NULL, NULL, 200, 0.001, 6.30, 400.00, '4:3'),
(26, 'C:\\Program Files\\Ampps\\Photos Full Resolution Logoless\\Lilly Flowers-P6221902-photos_db_photo-7.png', '2025-06-22 12:00:00', 'Lilly Flowers', NULL, NULL, 'OM Digital Solutions OM-5', NULL, NULL, 200, 0.001, 6.30, 400.00, '4:3'),
(27, 'C:\\Program Files\\Ampps\\Photos Full Resolution Logoless\\Livesaving Station in Frankfort-DJI_20250830202221_0049_D-HDR-photos_db_photo-27.png', '2025-08-30 20:22:21', 'Livesaving Station in Frankfort', NULL, NULL, 'DJI Air 3S', NULL, NULL, 140, 0.020, 1.80, 9.00, '4:3'),
(28, 'C:\\Program Files\\Ampps\\Photos Full Resolution Logoless\\Monarch Butterfly on Butterfly Milkweed-P8300133-photos_db_photo-26.png', '2025-08-30 12:00:00', 'Monarch Butterfly on Butterfly Milkweed', NULL, NULL, 'OM Digital Solutions OM-5', NULL, NULL, 200, 0.001, 6.30, 400.00, '4:3'),
(30, 'C:\\Program Files\\Ampps\\Photos Full Resolution Logoless\\Moth on Butterfly Milkweed-P7202231-photos_db_photo-16.png', '2025-07-20 12:00:00', 'Moth on Butterfly Milkweed', NULL, NULL, 'OM Digital Solutions OM-5', NULL, NULL, 200, 0.001, 6.30, 400.00, '4:3'),
(32, 'C:\\Program Files\\Ampps\\Photos Full Resolution Logoless\\Picture of Rocks on Lake Bed on a Calm Day-P9010226-photos_db_photo-29.png', '2025-09-01 12:00:00', 'Picture of Rocks on Lake Bed on a Calm Day', NULL, NULL, 'OM Digital Solutions OM-5', NULL, NULL, 200, 0.001, 6.30, 400.00, '4:3'),
(35, 'C:\\Program Files\\Ampps\\Photos Full Resolution Logoless\\Point Betsie Sunny Day-DJI_20250905150029_0444_D-HDR-photos_db_photo-32.png', '2025-09-05 15:00:29', 'Point Betsie Sunny Day', NULL, NULL, 'DJI Air 3S', NULL, NULL, 140, 0.020, 1.80, 9.00, '4:3'),
(37, 'C:\\Program Files\\Ampps\\Photos Full Resolution Logoless\\Pontoon Boat Ride July 27th, 2025-DJI_20250727114503_0239_D-2-photos_db_photo-19.png', '2025-07-27 11:45:03', 'Pontoon Boat Ride July 27th, 2025', NULL, NULL, 'DJI Air 3S', NULL, NULL, 140, 0.020, 1.80, 9.00, '4:3'),
(39, 'C:\\Program Files\\Ampps\\Photos Full Resolution Logoless\\Roses in Bloom 2-P6221899-photos_db_photo-9.png', '2025-06-22 12:00:00', 'Roses in Bloom 2', NULL, NULL, 'OM Digital Solutions OM-5', NULL, NULL, 200, 0.001, 6.30, 400.00, '4:3'),
(40, 'C:\\Program Files\\Ampps\\Photos Full Resolution Logoless\\Roses In Bloom-P6221900-photos_db_photo-8.png', '2025-06-22 12:00:00', 'Roses In Bloom', NULL, NULL, 'OM Digital Solutions OM-5', NULL, NULL, 200, 0.001, 6.30, 400.00, '4:3'),
(41, 'C:\\Program Files\\Ampps\\Photos Full Resolution Logoless\\Sailboat in the July 20th, 2025 Sailing Race-DJI_20250720192045_0752_D-HDR-photos_db_photo-18.png', '2025-07-20 19:20:45', 'Sailboat in the July 20th, 2025 Sailing Race', NULL, NULL, 'DJI Air 3S', NULL, NULL, 140, 0.020, 1.80, 9.00, '4:3'),
(42, 'C:\\Program Files\\Ampps\\Photos Full Resolution Logoless\\Sandhill Crane at Arcadia Marsh-P7202247-photos_db_photo-14.png', '2025-07-20 12:00:00', 'Sandhill Crane at Arcadia Marsh', NULL, NULL, 'OM Digital Solutions OM-5', NULL, NULL, 200, 0.001, 6.30, 400.00, '4:3'),
(43, 'C:\\Program Files\\Ampps\\Photos Full Resolution Logoless\\Turtle on a Log-P7202239-photos_db_photo-15.png', '2025-07-20 12:00:00', 'Turtle on a Log', NULL, NULL, 'OM Digital Solutions OM-5', NULL, NULL, 200, 0.001, 6.30, 400.00, '4:3'),
(44, 'C:\\Program Files\\Ampps\\Photos Full Resolution Logoless\\Two Young Bucks at the Birdfeeder-P8162784-3-photos_db_photo-23.png', '2025-08-16 12:00:00', 'Two Young Bucks at the Birdfeeder', NULL, NULL, 'OM Digital Solutions OM-5', NULL, NULL, 200, 0.001, 6.30, 400.00, '4:3'),
(46, 'C:\\Program Files\\Ampps\\Photos Full Resolution Logoless\\Wedding at Frankfort Life Saving Station-DJI_20250830205348_0108_D-2-photos_db_photo-28.png', '2025-08-30 20:53:48', 'Wedding at Frankfort Life Saving Station', NULL, NULL, 'DJI Air 3S', NULL, NULL, 140, 0.020, 1.80, 9.00, '4:3'),
(48, 'C:\\Program Files\\Ampps\\Photos Full Resolution Logoless\\Yarrow Flowers-P6221908-photos_db_photo-6.png', '2025-06-22 12:00:00', 'Yarrow Flowers', NULL, NULL, 'OM Digital Solutions OM-5', NULL, NULL, 200, 0.001, 6.30, 400.00, '4:3'),
(49, 'C:\\Program Files\\Ampps\\Photos Full Resolution Logoless\\-DJI_20250619213832_0258_D-photos_db_photo-4.png', '2025-06-19 21:38:32', 'Untitled DJI Photo in Frankfort', NULL, NULL, 'DJI Air 3S', NULL, NULL, 140, 0.020, 1.80, 9.00, '4:3');

INSERT INTO `videos` (`video_id`, `file_path_full_resolution_logoless`, `capture_date_time`, `duration_seconds`, `location_text`, `latitude`, `longitude`, `camera_make_model`, `lens`, `filters`, `iso`, `shutter_speed`, `aperture`, `focal_length`, `aspect_ratio`) VALUES
(1, 'C:\\Program Files\\Ampps\\Videos Full Resolution Logoless\\Bear at the Birdfeeder-2025-06-19-21-46-19-photos_db_video-1.mp4', '2025-06-19 21:46:19', 40.000, 'Bear at the Birdfeeder-2025-06-19-21-46-19', NULL, NULL, 'Unknown Camera', NULL, NULL, 800, 0.017, 2.00, 26.00, '16:9'),
(7, 'C:\\Program Files\\Ampps\\Videos Full Resolution Logoless\\Brendan Playing with Tater at the Sandbar-DJI_20250807180534_0565_D-photos_db_video-10.mp4', '2025-08-07 18:05:34', 27.000, 'Brendan Playing with Tater at the Sandbar', NULL, NULL, 'DJI Air 3S', NULL, NULL, 140, 0.020, 1.80, 9.00, '16:9'),
(8, 'C:\\Program Files\\Ampps\\Videos Full Resolution Logoless\\Bricks Classic Car Show Flyover-DJI_20250607161031_0356_D-photos_db_video-6.mp4', '2025-06-07 16:10:31', 57.000, 'Bricks Classic Car Show Flyover', NULL, NULL, 'DJI Air 3S', NULL, NULL, 140, 0.020, 1.80, 9.00, '16:9'),
(15, 'C:\\Program Files\\Ampps\\Videos Full Resolution Logoless\\Drone Flyover of Buggy Ride June 15th, 2025-DJI_20250615113152_0079_D-photos_db_video-8.mp4', '2025-06-15 11:31:52', 171.000, 'Drone Flyover of Buggy Ride June 15th, 2025', NULL, NULL, 'DJI Air 3S', NULL, NULL, 140, 0.020, 1.80, 9.00, '16:9'),
(20, 'C:\\Program Files\\Ampps\\Videos Full Resolution Logoless\\Frankfort Light in Winter-DJI_0317-photos_db_video-4.mp4', '2025-02-01 12:00:00', 11.000, 'Frankfort Light in Winter-DJI 0317', NULL, NULL, 'DJI Air 3S', NULL, NULL, 140, 0.020, 1.80, 9.00, '16:9'),
(21, 'C:\\Program Files\\Ampps\\Videos Full Resolution Logoless\\Frankfort Lighthouse at Sunset-DJI_20250907202054_0562_D-photos_db_video-14.mp4', '2025-09-07 20:20:54', 30.000, 'Frankfort Lighthouse at Sunset', NULL, NULL, 'DJI Air 3S', NULL, NULL, 140, 0.020, 1.80, 9.00, '16:9'),
(29, 'C:\\Program Files\\Ampps\\Videos Full Resolution Logoless\\More Drone Buggy Flyover June 15th, 2025-DJI_20250615113533_0080_D-photos_db_video-9.mp4', '2025-06-15 11:35:33', 199.000, 'More Drone Buggy Flyover June 15th, 2025', NULL, NULL, 'DJI Air 3S', NULL, NULL, 140, 0.020, 1.80, 9.00, '16:9'),
(31, 'C:\\Program Files\\Ampps\\Videos Full Resolution Logoless\\Pancake Ice at the Mouth of the Betsie-DJI_20250221140336_0110_D-photos_db_video-2.mp4', '2025-02-21 14:03:36', 23.000, 'Pancake Ice at the Mouth of the Betsie', NULL, NULL, 'DJI Air 3S', NULL, NULL, 140, 0.020, 1.80, 9.00, '16:9'),
(33, 'C:\\Program Files\\Ampps\\Videos Full Resolution Logoless\\Point Betsie Lighthouse in Winter-DJI_0356-photos_db_video-5.mp4', '2025-02-01 12:05:00', 37.000, 'Point Betsie Lighthouse in Winter-DJI 0356', NULL, NULL, 'DJI Air 3S', NULL, NULL, 140, 0.020, 1.80, 9.00, '16:9'),
(34, 'C:\\Program Files\\Ampps\\Videos Full Resolution Logoless\\Point Betsie on a Wavy Day-DJI_20250905092401_0387_D-photos_db_video-11.mp4', '2025-09-05 09:24:01', 22.000, 'Point Betsie on a Wavy Day', NULL, NULL, 'DJI Air 3S', NULL, NULL, 140, 0.020, 1.80, 9.00, '16:9'),
(36, 'C:\\Program Files\\Ampps\\Videos Full Resolution Logoless\\Point Betsie Wavy Day-DJI_20250905145209_0417_D-photos_db_video-13.mp4', '2025-09-05 14:52:09', 31.000, 'Point Betsie Wavy Day', NULL, NULL, 'DJI Air 3S', NULL, NULL, 140, 0.020, 1.80, 9.00, '16:9'),
(38, 'C:\\Program Files\\Ampps\\Videos Full Resolution Logoless\\Pontoon Boat Ride June 14th, 2025-DJI_20250614154400_0074_D-photos_db_video-7.mp4', '2025-06-14 15:44:00', 43.000, 'Pontoon Boat Ride June 14th, 2025', NULL, NULL, 'DJI Air 3S', NULL, NULL, 140, 0.020, 1.80, 9.00, '16:9'),
(45, 'C:\\Program Files\\Ampps\\Videos Full Resolution Logoless\\Wavy Morning on the Elberta Side-DJI_20250905141742_0400_D-photos_db_video-12.mp4', '2025-09-05 14:17:42', 88.000, 'Wavy Morning on the Elberta Side', NULL, NULL, 'DJI Air 3S', NULL, NULL, 140, 0.020, 1.80, 9.00, '16:9'),
(47, 'C:\\Program Files\\Ampps\\Videos Full Resolution Logoless\\Winter Sunset Timelapse in Manistee-dji_fly_20250307_183132_0052_1741396467214_hyperlapse-photos_db_video-3.mp4', '2025-03-07 18:31:32', 5.000, 'Winter Sunset Timelapse in Manistee', NULL, NULL, 'DJI Air 3S', NULL, NULL, 140, 0.020, 1.80, 9.00, '16:9');

INSERT INTO `media_tags` (`media_id`, `tag_id`) VALUES
(1, 1),
(2, 1),
(3, 1),
(4, 1),
(5, 1),
(6, 1),
(7, 1),
(8, 1),
(9, 1),
(10, 1),
(11, 1),
(12, 1),
(13, 1),
(14, 1),
(15, 1),
(16, 1),
(17, 1),
(18, 1),
(19, 1),
(20, 1),
(21, 1),
(22, 1),
(23, 1),
(24, 1),
(25, 1),
(26, 1),
(27, 1),
(28, 1),
(29, 1),
(30, 1),
(31, 1),
(32, 1),
(33, 1),
(34, 1),
(35, 1),
(36, 1),
(37, 1),
(38, 1),
(39, 1),
(40, 1),
(41, 1),
(42, 1),
(43, 1),
(44, 1),
(45, 1),
(46, 1),
(47, 1),
(48, 1),
(49, 1),
(2, 2),
(3, 2),
(4, 2),
(6, 2),
(7, 2),
(8, 2),
(15, 2),
(19, 2),
(20, 2),
(21, 2),
(27, 2),
(29, 2),
(31, 2),
(33, 2),
(34, 2),
(35, 2),
(36, 2),
(37, 2),
(38, 2),
(41, 2),
(45, 2),
(46, 2),
(47, 2),
(49, 2),
(2, 3),
(3, 3),
(4, 3),
(6, 3),
(7, 3),
(8, 3),
(15, 3),
(19, 3),
(20, 3),
(21, 3),
(27, 3),
(29, 3),
(31, 3),
(33, 3),
(34, 3),
(35, 3),
(36, 3),
(37, 3),
(38, 3),
(41, 3),
(45, 3),
(46, 3),
(47, 3),
(49, 3),
(1, 4),
(9, 4),
(11, 4),
(12, 4),
(13, 4),
(16, 4),
(17, 4),
(18, 4),
(24, 4),
(25, 4),
(28, 4),
(30, 4),
(42, 4),
(43, 4),
(44, 4),
(9, 5),
(25, 5),
(28, 5),
(30, 5),
(11, 6),
(12, 6),
(13, 6),
(16, 6),
(17, 6),
(18, 6),
(24, 6),
(42, 6),
(43, 7),
(44, 8),
(1, 9),
(7, 10),
(2, 11),
(9, 11),
(14, 11),
(25, 11),
(26, 11),
(28, 11),
(30, 11),
(39, 11),
(40, 11),
(48, 11),
(2, 12),
(9, 12),
(14, 12),
(25, 12),
(26, 12),
(28, 12),
(30, 12),
(39, 12),
(40, 12),
(48, 12),
(2, 13),
(9, 13),
(3, 14),
(7, 14),
(12, 14),
(13, 14),
(16, 14),
(17, 14),
(18, 14),
(19, 14),
(20, 14),
(21, 14),
(22, 14),
(23, 14),
(27, 14),
(31, 14),
(32, 14),
(33, 14),
(34, 14),
(35, 14),
(36, 14),
(37, 14),
(38, 14),
(41, 14),
(42, 14),
(43, 14),
(45, 14),
(46, 14),
(47, 14),
(49, 14),
(12, 15),
(13, 15),
(17, 15),
(42, 15),
(7, 16),
(21, 17),
(47, 17),
(19, 18),
(11, 19),
(16, 19),
(20, 19),
(31, 19),
(33, 19),
(47, 19),
(20, 20),
(31, 20),
(33, 20),
(5, 21),
(6, 21),
(5, 22),
(6, 22),
(5, 23),
(6, 23),
(47, 24),
(20, 25),
(21, 25),
(27, 25),
(41, 25),
(46, 25),
(49, 25),
(3, 26),
(47, 26),
(12, 27),
(13, 27),
(17, 27),
(42, 27),
(43, 27),
(31, 28),
(33, 28),
(34, 28),
(35, 28),
(36, 28),
(41, 28),
(2, 29),
(45, 31),
(4, 32),
(1, 33),
(2, 33),
(3, 33),
(4, 33),
(5, 33),
(6, 33),
(7, 33),
(8, 33),
(9, 33),
(10, 33),
(11, 33),
(12, 33),
(13, 33),
(14, 33),
(15, 33),
(16, 33),
(17, 33),
(18, 33),
(19, 33),
(20, 33),
(21, 33),
(22, 33),
(23, 33),
(24, 33),
(25, 33),
(26, 33),
(27, 33),
(28, 33),
(29, 33),
(30, 33),
(31, 33),
(32, 33),
(33, 33),
(34, 33),
(35, 33),
(36, 33),
(37, 33),
(38, 33),
(39, 33),
(40, 33),
(41, 33),
(42, 33),
(43, 33),
(44, 33),
(45, 33),
(46, 33),
(47, 33),
(48, 33),
(49, 33),
(1, 34),
(2, 34),
(3, 34),
(4, 34),
(5, 34),
(6, 34),
(7, 34),
(8, 34),
(9, 34),
(10, 34),
(11, 34),
(12, 34),
(13, 34),
(14, 34),
(15, 34),
(16, 34),
(17, 34),
(18, 34),
(19, 34),
(20, 34),
(21, 34),
(22, 34),
(23, 34),
(24, 34),
(25, 34),
(26, 34),
(27, 34),
(28, 34),
(29, 34),
(30, 34),
(31, 34),
(32, 34),
(33, 34),
(34, 34),
(35, 34),
(36, 34),
(37, 34),
(38, 34),
(39, 34),
(40, 34),
(41, 34),
(42, 34),
(43, 34),
(44, 34),
(45, 34),
(46, 34),
(47, 34),
(48, 34),
(49, 34),
(3, 35),
(20, 35),
(21, 35),
(22, 35),
(23, 35),
(27, 35),
(31, 35),
(33, 35),
(34, 35),
(35, 35),
(36, 35),
(41, 35),
(45, 35),
(46, 35),
(47, 35),
(49, 35),
(20, 36),
(21, 36),
(22, 36),
(23, 36),
(33, 36),
(34, 36),
(35, 36),
(36, 36),
(37, 37),
(38, 37),
(41, 37),
(15, 38),
(29, 38),
(8, 39),
(10, 39),
(15, 39),
(29, 39),
(8, 40),
(10, 40),
(15, 40),
(29, 40),
(41, 40),
(46, 40);

INSERT INTO `collection_items` (`collection_id`, `media_id`, `position`) VALUES
(1, 2, 1),
(1, 3, 2),
(1, 4, 3),
(1, 6, 4),
(1, 7, 5),
(1, 8, 6),
(1, 15, 7),
(1, 19, 8),
(1, 20, 9),
(1, 21, 10),
(1, 27, 11),
(1, 29, 12),
(1, 31, 13),
(1, 33, 14),
(1, 34, 15),
(1, 35, 16),
(1, 36, 17),
(1, 37, 18),
(1, 38, 19),
(1, 41, 20),
(1, 45, 21),
(1, 46, 22),
(1, 47, 23),
(1, 49, 24),
(2, 1, 1),
(2, 9, 2),
(2, 11, 3),
(2, 12, 4),
(2, 13, 5),
(2, 16, 6),
(2, 17, 7),
(2, 18, 8),
(2, 24, 9),
(2, 25, 10),
(2, 28, 11),
(2, 30, 12),
(2, 42, 13),
(2, 43, 14),
(2, 44, 15),
(3, 20, 1),
(3, 21, 2),
(3, 22, 3),
(3, 23, 4),
(3, 33, 5),
(3, 34, 6),
(3, 35, 7),
(3, 36, 8),
(4, 11, 1),
(4, 16, 2),
(4, 20, 3),
(4, 31, 4),
(4, 33, 5),
(4, 47, 6),
(5, 2, 1),
(5, 9, 2),
(5, 14, 3),
(5, 25, 4),
(5, 26, 5),
(5, 28, 6),
(5, 30, 7),
(5, 39, 8),
(5, 40, 9),
(5, 48, 10),
(6, 3, 1),
(6, 7, 2),
(6, 12, 3),
(6, 13, 4),
(6, 16, 5),
(6, 17, 6),
(6, 18, 7),
(6, 19, 8),
(6, 20, 9),
(6, 21, 10),
(6, 22, 11),
(6, 23, 12),
(6, 27, 13),
(6, 31, 14),
(6, 32, 15),
(6, 33, 16),
(6, 34, 17),
(6, 35, 18),
(6, 36, 19),
(6, 37, 20),
(6, 38, 21),
(6, 41, 22),
(6, 42, 23),
(6, 43, 24),
(6, 45, 25),
(6, 46, 26),
(6, 47, 27),
(6, 49, 28);
